timestamp,ctr,ax_g,ay_g,az_g
2026-02-17T20:17:10.637,-24041,0.870,-0.491,-0.203
2026-02-17T20:17:10.638,-24040,0.868,-0.494,-0.193
2026-02-17T20:17:10.639,-24039,0.857,-0.494,-0.200
2026-02-17T20:17:10.684,-24037,0.834,-0.484,-0.239
2026-02-17T20:17:10.684,-24036,0.834,-0.481,-0.238
2026-02-17T20:17:10.684,-24035,0.849,-0.482,-0.225
2026-02-17T20:17:10.733,-24033,0.858,-0.482,-0.212
2026-02-17T20:17:10.733,-24032,0.864,-0.478,-0.207
2026-02-17T20:17:10.733,-24031,0.874,-0.475,-0.218
2026-02-17T20:17:10.782,-24029,0.875,-0.480,-0.220
2026-02-17T20:17:10.782,-24028,0.864,-0.490,-0.214
2026-02-17T20:17:10.782,-24027,0.853,-0.493,-0.218
2026-02-17T20:17:10.831,-24025,0.833,-0.495,-0.228
2026-02-17T20:17:10.831,-24024,0.829,-0.497,-0.227
2026-02-17T20:17:10.831,-24023,0.828,-0.496,-0.223
2026-02-17T20:17:10.880,-24021,0.848,-0.496,-0.207
2026-02-17T20:17:10.880,-24020,0.860,-0.494,-0.200
2026-02-17T20:17:10.880,-24019,0.866,-0.491,-0.202
2026-02-17T20:17:10.928,-24017,0.875,-0.489,-0.221
2026-02-17T20:17:10.928,-24016,0.874,-0.494,-0.219
2026-02-17T20:17:10.928,-24015,0.869,-0.498,-0.215
2026-02-17T20:17:10.930,-24013,0.857,-0.504,-0.203
2026-02-17T20:17:10.977,-24012,0.861,-0.502,-0.205
2026-02-17T20:17:10.977,-24011,0.855,-0.497,-0.208
2026-02-17T20:17:10.977,-24010,0.854,-0.492,-0.213
2026-02-17T20:17:11.026,-24008,0.865,-0.486,-0.214
2026-02-17T20:17:11.026,-24007,0.868,-0.491,-0.220
2026-02-17T20:17:11.026,-24006,0.858,-0.492,-0.221
2026-02-17T20:17:11.027,-24005,0.850,-0.486,-0.216
2026-02-17T20:17:11.074,-24004,0.857,-0.482,-0.212
2026-02-17T20:17:11.074,-24003,0.860,-0.479,-0.214
2026-02-17T20:17:11.074,-24002,0.857,-0.488,-0.214
2026-02-17T20:17:11.123,-24000,0.868,-0.494,-0.213
2026-02-17T20:17:11.124,-23999,0.873,-0.482,-0.215
2026-02-17T20:17:11.125,-23998,0.867,-0.480,-0.206
2026-02-17T20:17:11.172,-23996,0.856,-0.495,-0.191
2026-02-17T20:17:11.172,-23995,0.844,-0.506,-0.178
2026-02-17T20:17:11.221,-23994,0.834,-0.515,-0.168
2026-02-17T20:17:11.222,-23992,0.815,-0.518,-0.173
2026-02-17T20:17:11.222,-23991,0.807,-0.518,-0.181
2026-02-17T20:17:11.224,-23990,0.803,-0.529,-0.177
2026-02-17T20:17:11.269,-23988,0.814,-0.567,-0.156
2026-02-17T20:17:11.269,-23987,0.831,-0.576,-0.158
2026-02-17T20:17:11.270,-23986,0.844,-0.580,-0.150
2026-02-17T20:17:11.318,-23984,0.874,-0.571,-0.178
2026-02-17T20:17:11.319,-23983,0.892,-0.550,-0.210
2026-02-17T20:17:11.320,-23982,0.895,-0.547,-0.222
2026-02-17T20:17:11.367,-23979,0.863,-0.569,-0.225
2026-02-17T20:17:11.367,-23978,0.847,-0.583,-0.227
2026-02-17T20:17:11.367,-23977,0.832,-0.625,-0.232
2026-02-17T20:17:11.416,-23975,0.803,-0.854,-0.246
2026-02-17T20:17:11.416,-23974,0.779,-1.083,-0.197
2026-02-17T20:17:11.416,-23973,0.717,-1.304,-0.112
2026-02-17T20:17:11.464,-23971,0.498,-1.735,-0.072
2026-02-17T20:17:11.464,-23970,0.338,-1.872,-0.188
2026-02-17T20:17:11.464,-23969,0.013,-1.973,-0.320
2026-02-17T20:17:11.513,-23967,-0.151,-2.262,-0.580
2026-02-17T20:17:11.513,-23966,-0.256,-2.378,-0.649
2026-02-17T20:17:11.513,-23965,-0.376,-2.495,-0.673
2026-02-17T20:17:11.562,-23963,-0.660,-2.414,-0.815
2026-02-17T20:17:11.562,-23962,-0.818,-2.196,-0.912
2026-02-17T20:17:11.611,-23961,-0.898,-1.920,-0.886
2026-02-17T20:17:11.611,-23959,-0.794,-1.295,-0.233
2026-02-17T20:17:11.611,-23958,-0.678,-0.786,0.313
2026-02-17T20:17:11.611,-23957,-0.621,-0.214,0.988
2026-02-17T20:17:11.659,-23955,-0.794,1.240,2.562
2026-02-17T20:17:11.659,-23954,-0.462,2.164,3.604
2026-02-17T20:17:11.659,-23953,-0.001,2.122,3.914
2026-02-17T20:17:11.708,-23951,1.676,1.685,3.611
2026-02-17T20:17:11.709,-23950,2.041,1.509,2.773
2026-02-17T20:17:11.709,-23949,2.186,1.417,1.941
2026-02-17T20:17:11.757,-23946,1.327,0.854,1.079
2026-02-17T20:17:11.758,-23945,0.922,0.728,1.031
2026-02-17T20:17:11.758,-23944,0.541,0.633,0.936
2026-02-17T20:17:11.807,-23942,0.183,0.493,0.891
2026-02-17T20:17:11.807,-23941,0.121,0.486,0.984
2026-02-17T20:17:11.807,-23940,0.136,0.528,1.126
2026-02-17T20:17:11.854,-23938,-0.005,0.708,1.361
2026-02-17T20:17:11.854,-23937,-0.112,0.836,1.424
2026-02-17T20:17:11.854,-23936,-0.207,0.887,1.392
2026-02-17T20:17:11.903,-23934,-0.047,0.769,1.349
2026-02-17T20:17:11.903,-23933,0.073,0.435,1.245
2026-02-17T20:17:11.903,-23932,0.027,0.251,1.233
2026-02-17T20:17:11.952,-23930,-0.235,0.073,1.015
2026-02-17T20:17:11.952,-23929,-0.134,0.011,0.857
2026-02-17T20:17:11.952,-23928,0.105,-0.295,0.655
2026-02-17T20:17:12.001,-23926,0.511,-0.898,0.358
2026-02-17T20:17:12.001,-23925,0.590,-1.138,0.216
2026-02-17T20:17:12.001,-23924,0.566,-1.343,0.130
2026-02-17T20:17:12.049,-23922,0.479,-1.924,-0.358
2026-02-17T20:17:12.049,-23921,0.254,-2.331,-0.595
2026-02-17T20:17:12.049,-23920,-0.059,-2.681,-0.795
2026-02-17T20:17:12.098,-23918,-0.788,-2.517,-0.722
2026-02-17T20:17:12.098,-23917,-0.924,-2.021,-0.619
2026-02-17T20:17:12.098,-23916,-0.833,-1.708,-0.613
2026-02-17T20:17:12.147,-23914,0.218,-1.187,-0.503
2026-02-17T20:17:12.147,-23913,0.806,-1.019,-0.268
2026-02-17T20:17:12.147,-23912,1.261,-0.993,0.055
2026-02-17T20:17:12.196,-23910,1.626,-0.738,0.623
2026-02-17T20:17:12.196,-23909,1.662,-0.626,0.692
2026-02-17T20:17:12.196,-23908,1.566,-0.599,0.605
2026-02-17T20:17:12.244,-23906,1.121,-0.727,0.386
2026-02-17T20:17:12.244,-23905,0.889,-0.817,0.289
2026-02-17T20:17:12.244,-23904,0.687,-0.859,0.152
2026-02-17T20:17:12.246,-23902,0.447,-0.911,-0.002
2026-02-17T20:17:12.294,-23901,0.415,-0.932,0.032
2026-02-17T20:17:12.294,-23900,0.433,-0.969,0.106
2026-02-17T20:17:12.294,-23899,0.488,-0.998,0.167
2026-02-17T20:17:12.342,-23897,0.604,-1.080,0.200
2026-02-17T20:17:12.342,-23896,0.703,-1.154,0.170
2026-02-17T20:17:12.342,-23895,0.770,-1.232,0.096
2026-02-17T20:17:12.391,-23893,0.792,-1.354,-0.303
2026-02-17T20:17:12.391,-23892,0.726,-1.485,-0.529
2026-02-17T20:17:12.391,-23891,0.608,-1.750,-0.711
2026-02-17T20:17:12.440,-23889,0.305,-2.568,-0.557
2026-02-17T20:17:12.440,-23888,0.162,-2.893,-0.479
2026-02-17T20:17:12.440,-23887,-0.002,-3.021,-0.642
2026-02-17T20:17:12.489,-23885,-0.341,-2.534,-1.029
2026-02-17T20:17:12.490,-23884,-0.517,-2.159,-0.926
2026-02-17T20:17:12.490,-23883,-0.661,-1.677,-0.575
2026-02-17T20:17:12.537,-23881,-1.019,-0.357,0.505
2026-02-17T20:17:12.537,-23880,-1.288,0.220,0.982
2026-02-17T20:17:12.537,-23879,-1.731,0.727,1.409
2026-02-17T20:17:12.586,-23877,-2.196,2.468,2.991
2026-02-17T20:17:12.586,-23876,-1.634,2.913,3.952
2026-02-17T20:17:12.586,-23875,-0.584,2.684,4.448
2026-02-17T20:17:12.635,-23873,1.835,0.940,3.480
2026-02-17T20:17:12.635,-23872,2.490,0.488,2.668
2026-02-17T20:17:12.635,-23871,1.984,0.683,2.198
2026-02-17T20:17:12.683,-23869,0.992,0.661,1.148
2026-02-17T20:17:12.683,-23868,0.401,0.506,0.919
2026-02-17T20:17:12.683,-23867,0.043,0.265,0.658
2026-02-17T20:17:12.732,-23864,-0.211,0.065,0.486
2026-02-17T20:17:12.732,-23863,-0.183,0.121,0.574
2026-02-17T20:17:12.732,-23862,-0.113,0.067,0.680
2026-02-17T20:17:12.781,-23860,-0.171,0.023,0.930
2026-02-17T20:17:12.781,-23859,-0.261,0.065,1.024
2026-02-17T20:17:12.781,-23858,-0.235,0.116,1.041
2026-02-17T20:17:12.830,-23856,-0.036,0.252,1.007
2026-02-17T20:17:12.830,-23855,0.038,0.353,1.054
2026-02-17T20:17:12.830,-23854,0.112,0.363,1.155
2026-02-17T20:17:12.878,-23852,0.054,0.203,1.259
2026-02-17T20:17:12.878,-23851,-0.072,0.172,1.264
2026-02-17T20:17:12.878,-23850,-0.036,0.000,1.209
2026-02-17T20:17:12.927,-23848,0.237,-0.126,1.028
2026-02-17T20:17:12.927,-23847,0.365,-0.122,0.940
2026-02-17T20:17:12.928,-23846,0.493,-0.034,0.914
2026-02-17T20:17:12.976,-23844,0.640,-0.267,0.734
2026-02-17T20:17:12.976,-23843,0.681,-0.645,0.797
2026-02-17T20:17:12.976,-23842,0.717,-1.078,0.797
2026-02-17T20:17:12.976,-23840,0.604,-1.339,0.595
2026-02-17T20:17:13.024,-23839,0.668,-1.328,0.321
2026-02-17T20:17:13.025,-23838,0.779,-1.232,-0.069
2026-02-17T20:17:13.026,-23837,0.778,-1.220,-0.348
2026-02-17T20:17:13.073,-23835,0.480,-1.885,-0.244
2026-02-17T20:17:13.073,-23834,0.147,-1.940,-0.041
2026-02-17T20:17:13.073,-23833,0.040,-1.964,0.053
2026-02-17T20:17:13.123,-23831,0.354,-1.405,-0.269
2026-02-17T20:17:13.124,-23830,0.676,-1.395,-0.129
2026-02-17T20:17:13.124,-23829,0.938,-1.328,0.083
2026-02-17T20:17:13.171,-23827,1.098,-1.191,0.418
2026-02-17T20:17:13.171,-23826,1.107,-1.052,0.520
2026-02-17T20:17:13.171,-23825,1.104,-0.857,0.533
2026-02-17T20:17:13.221,-23823,1.153,-0.671,0.415
2026-02-17T20:17:13.221,-23822,1.063,-0.755,0.370
2026-02-17T20:17:13.221,-23821,0.934,-0.832,0.333
2026-02-17T20:17:13.268,-23819,0.692,-0.916,0.271
2026-02-17T20:17:13.268,-23818,0.632,-0.892,0.227
2026-02-17T20:17:13.268,-23817,0.603,-0.876,0.164
2026-02-17T20:17:13.317,-23815,0.629,-1.042,0.029
2026-02-17T20:17:13.317,-23814,0.661,-1.155,-0.047
2026-02-17T20:17:13.317,-23813,0.699,-1.222,-0.131
2026-02-17T20:17:13.319,-23811,0.735,-1.321,-0.351
2026-02-17T20:17:13.366,-23810,0.781,-1.576,-0.457
2026-02-17T20:17:13.366,-23809,0.772,-2.016,-0.531
2026-02-17T20:17:13.366,-23808,0.651,-2.444,-0.571
2026-02-17T20:17:13.414,-23806,0.273,-2.957,-0.784
2026-02-17T20:17:13.414,-23805,-0.016,-2.941,-1.013
2026-02-17T20:17:13.416,-23804,-0.325,-2.774,-1.346
2026-02-17T20:17:13.463,-23802,-0.963,-2.006,-1.654
2026-02-17T20:17:13.463,-23801,-1.172,-1.490,-1.260
2026-02-17T20:17:13.463,-23800,-1.321,-0.939,-0.697
2026-02-17T20:17:13.512,-23798,-1.840,0.722,0.965
2026-02-17T20:17:13.512,-23797,-2.330,1.612,1.745
2026-02-17T20:17:13.512,-23796,-2.946,2.487,2.534
2026-02-17T20:17:13.561,-23794,-1.891,3.390,4.410
2026-02-17T20:17:13.561,-23793,-0.454,2.931,4.862
2026-02-17T20:17:13.561,-23792,1.147,2.474,4.267
2026-02-17T20:17:13.609,-23790,3.317,1.079,2.388
2026-02-17T20:17:13.609,-23789,1.898,1.121,1.423
2026-02-17T20:17:13.612,-23788,0.929,1.255,0.916
2026-02-17T20:17:13.658,-23786,-0.137,0.588,0.401
2026-02-17T20:17:13.658,-23785,-0.449,0.455,0.312
2026-02-17T20:17:13.707,-23784,-0.552,0.383,0.091
2026-02-17T20:17:13.707,-23782,-0.241,0.177,0.384
2026-02-17T20:17:13.707,-23781,-0.274,0.127,0.529
2026-02-17T20:17:13.709,-23780,-0.209,0.085,0.632
2026-02-17T20:17:13.756,-23777,-0.166,0.122,1.016
2026-02-17T20:17:13.756,-23776,-0.112,0.194,1.060
2026-02-17T20:17:13.756,-23775,-0.021,0.277,1.108
2026-02-17T20:17:13.804,-23773,0.075,0.533,1.213
2026-02-17T20:17:13.804,-23772,0.086,0.547,1.328
2026-02-17T20:17:13.806,-23771,0.040,0.423,1.386
2026-02-17T20:17:13.853,-23769,-0.047,0.217,1.420
2026-02-17T20:17:13.854,-23768,0.085,-0.002,1.256
2026-02-17T20:17:13.856,-23767,0.251,-0.090,1.073
2026-02-17T20:17:13.902,-23765,0.451,-0.215,0.737
2026-02-17T20:17:13.902,-23764,0.537,-0.422,0.655
2026-02-17T20:17:13.902,-23763,0.565,-0.748,0.693
2026-02-17T20:17:13.951,-23761,0.644,-1.152,0.711
2026-02-17T20:17:13.952,-23760,0.693,-1.218,0.528
2026-02-17T20:17:13.952,-23759,0.751,-1.208,0.244
2026-02-17T20:17:13.999,-23757,0.712,-1.493,0.079
2026-02-17T20:17:13.999,-23756,0.588,-1.749,0.072
2026-02-17T20:17:13.999,-23755,0.550,-1.910,0.031
2026-02-17T20:17:14.048,-23753,0.636,-1.822,-0.386
2026-02-17T20:17:14.048,-23752,0.741,-1.288,-0.429
2026-02-17T20:17:14.048,-23751,0.793,-1.196,-0.226
2026-02-17T20:17:14.097,-23749,1.093,-0.933,0.271
2026-02-17T20:17:14.097,-23748,1.150,-0.832,0.405
2026-02-17T20:17:14.097,-23747,1.151,-0.697,0.611
2026-02-17T20:17:14.146,-23745,1.209,-0.368,0.917
2026-02-17T20:17:14.146,-23744,1.215,-0.484,1.014
2026-02-17T20:17:14.146,-23743,1.128,-0.618,0.975
2026-02-17T20:17:14.194,-23741,0.885,-0.727,0.636
2026-02-17T20:17:14.194,-23740,0.748,-0.706,0.462
2026-02-17T20:17:14.194,-23739,0.712,-0.669,0.359
2026-02-17T20:17:14.243,-23737,0.778,-0.647,0.267
2026-02-17T20:17:14.243,-23736,0.862,-0.735,0.329
2026-02-17T20:17:14.243,-23735,0.918,-0.837,0.380
2026-02-17T20:17:14.293,-23733,1.000,-0.926,0.412
2026-02-17T20:17:14.293,-23732,1.035,-0.951,0.378
2026-02-17T20:17:14.293,-23731,1.046,-0.993,0.317
2026-02-17T20:17:14.341,-23729,1.088,-1.171,0.046
2026-02-17T20:17:14.341,-23728,1.107,-1.230,-0.119
2026-02-17T20:17:14.341,-23727,1.115,-1.335,-0.296
2026-02-17T20:17:14.389,-23725,1.071,-1.945,-0.440
2026-02-17T20:17:14.389,-23724,0.935,-2.411,-0.506
2026-02-17T20:17:14.392,-23723,0.848,-2.533,-0.613
2026-02-17T20:17:14.438,-23721,0.474,-2.440,-0.808
2026-02-17T20:17:14.439,-23720,0.290,-2.164,-0.943
2026-02-17T20:17:14.441,-23719,0.097,-1.920,-1.049
2026-02-17T20:17:14.487,-23717,-0.739,-1.268,-0.477
2026-02-17T20:17:14.488,-23716,-1.157,-0.777,0.261
2026-02-17T20:17:14.488,-23715,-1.502,-0.259,1.028
2026-02-17T20:17:14.536,-23712,-2.708,2.013,2.486
2026-02-17T20:17:14.536,-23711,-2.676,2.562,2.989
2026-02-17T20:17:14.536,-23710,-2.026,2.675,3.352
2026-02-17T20:17:14.584,-23708,0.654,2.422,3.747
2026-02-17T20:17:14.584,-23707,3.005,2.157,3.681
2026-02-17T20:17:14.584,-23706,3.593,1.305,2.177
2026-02-17T20:17:14.633,-23704,0.647,1.240,1.138
2026-02-17T20:17:14.633,-23703,-0.364,0.804,0.910
2026-02-17T20:17:14.633,-23702,-0.375,0.340,0.664
2026-02-17T20:17:14.682,-23700,-0.463,0.369,0.178
2026-02-17T20:17:14.682,-23699,-0.403,0.337,0.292
2026-02-17T20:17:14.682,-23698,-0.408,0.262,0.551
2026-02-17T20:17:14.731,-23696,-0.334,0.137,0.891
2026-02-17T20:17:14.731,-23695,-0.330,0.091,1.108
2026-02-17T20:17:14.731,-23694,-0.395,0.152,1.348
2026-02-17T20:17:14.731,-23692,-0.315,0.490,1.414
2026-02-17T20:17:14.780,-23691,-0.226,0.626,1.358
2026-02-17T20:17:14.780,-23690,-0.257,0.787,1.411
2026-02-17T20:17:14.780,-23689,-0.289,0.797,1.497
2026-02-17T20:17:14.828,-23687,-0.389,0.209,1.408
2026-02-17T20:17:14.828,-23686,-0.382,-0.137,1.207
2026-02-17T20:17:14.828,-23685,-0.241,-0.373,0.976
2026-02-17T20:17:14.877,-23683,0.165,-0.498,0.565
2026-02-17T20:17:14.877,-23682,0.394,-0.546,0.433
2026-02-17T20:17:14.877,-23681,0.555,-0.661,0.335
2026-02-17T20:17:14.926,-23679,0.766,-0.987,0.243
2026-02-17T20:17:14.926,-23678,0.919,-1.207,0.269
2026-02-17T20:17:14.927,-23677,1.037,-1.420,0.183
2026-02-17T20:17:14.975,-23675,1.060,-1.689,-0.057
2026-02-17T20:17:14.975,-23674,1.002,-1.667,-0.244
2026-02-17T20:17:14.975,-23673,0.955,-1.739,-0.376
2026-02-17T20:17:15.023,-23671,0.617,-1.783,-0.177
2026-02-17T20:17:15.024,-23670,0.443,-1.798,0.035
2026-02-17T20:17:15.025,-23669,0.434,-1.802,0.194
2026-02-17T20:17:15.072,-23667,0.839,-1.461,0.358
2026-02-17T20:17:15.073,-23666,1.022,-1.073,0.513
2026-02-17T20:17:15.073,-23665,1.201,-0.707,0.754
2026-02-17T20:17:15.121,-23662,1.267,-0.394,0.974
2026-02-17T20:17:15.122,-23661,1.154,-0.362,0.894
2026-02-17T20:17:15.122,-23660,1.057,-0.385,0.764
2026-02-17T20:17:15.169,-23658,0.871,-0.389,0.569
2026-02-17T20:17:15.169,-23657,0.821,-0.459,0.511
2026-02-17T20:17:15.169,-23656,0.738,-0.514,0.447
2026-02-17T20:17:15.218,-23654,0.697,-0.624,0.393
2026-02-17T20:17:15.218,-23653,0.714,-0.683,0.378
2026-02-17T20:17:15.218,-23652,0.738,-0.729,0.376
2026-02-17T20:17:15.267,-23650,0.842,-0.997,0.375
2026-02-17T20:17:15.267,-23649,0.936,-1.141,0.361
2026-02-17T20:17:15.267,-23648,1.073,-1.262,0.245
2026-02-17T20:17:15.316,-23646,1.245,-1.776,-0.346
2026-02-17T20:17:15.316,-23645,1.230,-2.351,-0.516
2026-02-17T20:17:15.316,-23644,1.145,-2.824,-0.463
2026-02-17T20:17:15.364,-23642,0.709,-3.457,-0.589
2026-02-17T20:17:15.364,-23641,0.548,-3.336,-0.914
2026-02-17T20:17:15.364,-23640,0.373,-2.978,-1.085
2026-02-17T20:17:15.413,-23638,-0.242,-1.900,-0.987
2026-02-17T20:17:15.413,-23637,-0.675,-1.247,-0.619
2026-02-17T20:17:15.413,-23636,-1.034,-0.612,-0.142
2026-02-17T20:17:15.462,-23634,-1.877,0.934,1.057
2026-02-17T20:17:15.462,-23633,-2.390,1.896,1.878
2026-02-17T20:17:15.462,-23632,-2.690,2.886,2.836
2026-02-17T20:17:15.511,-23629,-0.048,1.874,4.500
2026-02-17T20:17:15.511,-23628,1.273,1.927,4.024
2026-02-17T20:17:15.511,-23627,2.920,1.948,2.915
2026-02-17T20:17:15.559,-23625,1.933,1.419,0.835
2026-02-17T20:17:15.559,-23624,0.797,1.224,0.760
2026-02-17T20:17:15.561,-23623,-0.038,0.742,0.894
2026-02-17T20:17:15.608,-23621,-0.495,0.490,0.718
2026-02-17T20:17:15.609,-23620,-0.424,0.565,0.685
2026-02-17T20:17:15.609,-23619,-0.416,0.570,0.763
2026-02-17T20:17:15.657,-23617,-0.634,0.563,0.955
2026-02-17T20:17:15.657,-23616,-0.702,0.627,1.037
2026-02-17T20:17:15.657,-23615,-0.711,0.650,1.099
2026-02-17T20:17:15.706,-23613,-0.793,0.918,1.239
2026-02-17T20:17:15.707,-23612,-0.635,0.786,1.159
2026-02-17T20:17:15.707,-23611,-0.518,0.677,1.031
2026-02-17T20:17:15.754,-23609,-0.443,0.407,0.759
2026-02-17T20:17:15.755,-23608,-0.243,-0.067,0.659
2026-02-17T20:17:15.757,-23607,-0.027,-0.452,0.639
2026-02-17T20:17:15.803,-23605,0.454,-1.049,0.708
2026-02-17T20:17:15.803,-23604,0.665,-1.133,0.568
2026-02-17T20:17:15.803,-23603,0.855,-1.141,0.448
2026-02-17T20:17:15.852,-23601,1.048,-1.617,0.350
2026-02-17T20:17:15.852,-23600,1.118,-1.842,0.299
2026-02-17T20:17:15.852,-23599,1.146,-2.009,0.160
2026-02-17T20:17:15.901,-23597,1.113,-1.929,-0.124
2026-02-17T20:17:15.901,-23596,0.988,-1.840,-0.133
2026-02-17T20:17:15.901,-23595,0.901,-1.979,0.090
2026-02-17T20:17:15.949,-23592,0.410,-1.514,0.874
2026-02-17T20:17:15.949,-23591,0.692,-1.381,0.853
2026-02-17T20:17:15.951,-23590,0.908,-1.151,0.865
2026-02-17T20:17:15.998,-23588,1.188,-0.540,1.045
2026-02-17T20:17:15.998,-23587,1.173,-0.429,1.141
2026-02-17T20:17:15.998,-23586,1.120,-0.426,1.079
2026-02-17T20:17:16.047,-23584,0.984,-0.408,0.888
2026-02-17T20:17:16.047,-23583,0.816,-0.395,0.820
2026-02-17T20:17:16.047,-23582,0.735,-0.403,0.722
2026-02-17T20:17:16.096,-23580,0.657,-0.397,0.486
2026-02-17T20:17:16.096,-23579,0.633,-0.410,0.427
2026-02-17T20:17:16.096,-23578,0.646,-0.387,0.383
2026-02-17T20:17:16.144,-23576,0.695,-0.381,0.275
2026-02-17T20:17:16.144,-23575,0.722,-0.382,0.285
2026-02-17T20:17:16.146,-23574,0.716,-0.422,0.323
2026-02-17T20:17:16.193,-23572,0.784,-0.577,0.418
2026-02-17T20:17:16.193,-23571,0.843,-0.641,0.431
2026-02-17T20:17:16.193,-23570,0.883,-0.667,0.432
2026-02-17T20:17:16.242,-23568,1.014,-0.800,0.511
2026-02-17T20:17:16.242,-23567,1.065,-0.960,0.627
2026-02-17T20:17:16.243,-23566,1.121,-1.113,0.693
2026-02-17T20:17:16.291,-23564,1.229,-1.477,0.501
2026-02-17T20:17:16.291,-23563,1.225,-1.713,0.191
2026-02-17T20:17:16.291,-23562,1.175,-2.085,-0.227
2026-02-17T20:17:16.339,-23560,0.965,-2.878,-0.887
2026-02-17T20:17:16.340,-23559,0.709,-3.148,-1.025
2026-02-17T20:17:16.340,-23558,0.537,-3.280,-1.072
2026-02-17T20:17:16.388,-23556,-0.092,-2.732,-1.080
2026-02-17T20:17:16.388,-23555,-0.364,-2.139,-0.928
2026-02-17T20:17:16.388,-23554,-0.728,-1.556,-0.610
2026-02-17T20:17:16.437,-23552,-1.626,-0.076,0.458
2026-02-17T20:17:16.438,-23551,-2.076,0.812,1.045
2026-02-17T20:17:16.438,-23550,-2.638,1.704,1.546
2026-02-17T20:17:16.486,-23548,-2.829,3.389,2.825
2026-02-17T20:17:16.487,-23547,-2.157,3.255,3.538
2026-02-17T20:17:16.487,-23546,-1.059,2.718,4.249
2026-02-17T20:17:16.534,-23543,3.016,1.322,2.257
2026-02-17T20:17:16.534,-23542,1.917,0.950,0.988
2026-02-17T20:17:16.534,-23541,0.848,1.175,0.656
2026-02-17T20:17:16.583,-23539,-0.608,0.361,0.337
2026-02-17T20:17:16.583,-23538,-0.609,-0.049,0.304
2026-02-17T20:17:16.583,-23537,-0.597,-0.061,0.265
2026-02-17T20:17:16.681,-23535,-0.250,0.053,0.456
2026-02-17T20:17:16.681,-23534,-0.214,0.082,0.667
2026-02-17T20:17:16.681,-23533,-0.149,0.006,0.890
2026-02-17T20:17:16.681,-23531,-0.248,0.074,1.323
2026-02-17T20:17:16.778,-23529,-0.361,0.340,1.495
2026-02-17T20:17:16.778,-23528,-0.335,1.039,1.270
2026-02-17T20:17:16.778,-23527,-0.323,0.862,1.325
2026-02-17T20:17:16.780,-23525,-0.396,0.408,1.426
2026-02-17T20:17:16.827,-23523,-0.168,-0.148,0.957
2026-02-17T20:17:16.827,-23522,0.341,-0.648,0.510
2026-02-17T20:17:16.828,-23521,0.524,-0.725,0.443
2026-02-17T20:17:16.876,-23519,0.844,-0.904,0.317
2026-02-17T20:17:16.877,-23518,0.903,-1.185,0.425
2026-02-17T20:17:16.877,-23517,0.935,-1.433,0.487
2026-02-17T20:17:16.924,-23515,0.885,-1.682,0.505
2026-02-17T20:17:16.924,-23514,0.917,-1.868,0.336
2026-02-17T20:17:16.926,-23513,0.962,-1.738,0.148
2026-02-17T20:17:16.973,-23511,0.740,-1.930,0.335
2026-02-17T20:17:16.973,-23510,0.492,-1.739,0.559
2026-02-17T20:17:16.974,-23509,0.467,-1.522,0.608
2026-02-17T20:17:17.022,-23507,0.662,-0.943,0.539
2026-02-17T20:17:17.022,-23506,0.847,-0.806,0.576
2026-02-17T20:17:17.023,-23505,0.929,-0.681,0.659
2026-02-17T20:17:17.071,-23503,0.988,-0.404,0.889
2026-02-17T20:17:17.071,-23502,1.050,-0.358,0.843
2026-02-17T20:17:17.071,-23501,1.062,-0.307,0.798
2026-02-17T20:17:17.120,-23499,1.009,-0.230,0.790
2026-02-17T20:17:17.121,-23498,0.956,-0.265,0.765
2026-02-17T20:17:17.121,-23497,0.895,-0.305,0.748
2026-02-17T20:17:17.122,-23495,0.756,-0.365,0.712
2026-02-17T20:17:17.168,-23494,0.729,-0.406,0.660
2026-02-17T20:17:17.169,-23493,0.711,-0.442,0.604
2026-02-17T20:17:17.171,-23492,0.710,-0.446,0.556
2026-02-17T20:17:17.217,-23490,0.754,-0.470,0.488
2026-02-17T20:17:17.217,-23489,0.773,-0.510,0.481
2026-02-17T20:17:17.217,-23488,0.806,-0.575,0.461
2026-02-17T20:17:17.266,-23486,0.930,-0.826,0.443
2026-02-17T20:17:17.266,-23485,0.985,-1.011,0.408
2026-02-17T20:17:17.266,-23484,1.004,-1.297,0.291
2026-02-17T20:17:17.315,-23482,0.988,-1.993,-0.194
2026-02-17T20:17:17.315,-23481,0.964,-2.455,-0.438
2026-02-17T20:17:17.315,-23480,0.862,-2.910,-0.540
2026-02-17T20:17:17.363,-23478,0.447,-3.383,-0.670
2026-02-17T20:17:17.363,-23477,0.168,-3.292,-0.734
2026-02-17T20:17:17.363,-23476,-0.100,-2.937,-0.598
2026-02-17T20:17:17.412,-23474,-0.649,-1.817,-0.111
2026-02-17T20:17:17.412,-23473,-0.886,-1.055,0.250
2026-02-17T20:17:17.412,-23472,-1.179,-0.299,0.594
2026-02-17T20:17:17.461,-23469,-2.507,2.237,2.424
2026-02-17T20:17:17.461,-23468,-2.263,2.677,3.191
2026-02-17T20:17:17.462,-23467,-1.726,2.588,3.836
2026-02-17T20:17:17.509,-23465,0.213,1.173,4.242
2026-02-17T20:17:17.509,-23464,1.476,1.506,3.494
2026-02-17T20:17:17.509,-23463,2.442,1.742,2.364
2026-02-17T20:17:17.558,-23461,1.429,1.322,0.467
2026-02-17T20:17:17.558,-23460,0.495,1.032,0.527
2026-02-17T20:17:17.559,-23459,-0.177,0.524,0.754
2026-02-17T20:17:17.607,-23457,-0.499,-0.119,0.811
2026-02-17T20:17:17.608,-23456,-0.372,-0.055,0.794
2026-02-17T20:17:17.608,-23455,-0.293,0.042,0.772
2026-02-17T20:17:17.656,-23453,-0.213,-0.007,0.849
2026-02-17T20:17:17.657,-23452,-0.255,-0.050,0.941
2026-02-17T20:17:17.657,-23451,-0.377,-0.031,1.067
2026-02-17T20:17:17.705,-23449,-0.464,0.075,1.233
2026-02-17T20:17:17.705,-23448,-0.337,0.173,1.090
2026-02-17T20:17:17.705,-23447,-0.231,0.293,1.014
2026-02-17T20:17:17.753,-23445,-0.167,0.326,0.954
2026-02-17T20:17:17.753,-23444,-0.003,0.162,0.961
2026-02-17T20:17:17.754,-23443,0.031,0.074,0.992
2026-02-17T20:17:17.802,-23441,0.113,-0.080,0.990
2026-02-17T20:17:17.802,-23440,0.207,-0.214,0.916
2026-02-17T20:17:17.802,-23439,0.296,-0.407,0.819
2026-02-17T20:17:17.851,-23436,0.550,-0.599,0.650
2026-02-17T20:17:17.851,-23435,0.647,-0.523,0.627
2026-02-17T20:17:17.851,-23434,0.772,-0.572,0.567
2026-02-17T20:17:17.899,-23432,0.895,-1.044,0.701
2026-02-17T20:17:17.899,-23431,0.914,-1.236,0.660
2026-02-17T20:17:17.899,-23430,0.934,-1.358,0.577
2026-02-17T20:17:17.948,-23428,1.090,-1.339,0.318
2026-02-17T20:17:17.948,-23427,1.101,-1.338,0.254
2026-02-17T20:17:17.948,-23426,1.001,-1.446,0.339
2026-02-17T20:17:17.997,-23424,0.718,-1.552,0.574
2026-02-17T20:17:17.997,-23423,0.729,-1.497,0.639
2026-02-17T20:17:17.997,-23422,0.781,-1.405,0.681
2026-02-17T20:17:18.046,-23420,0.996,-1.022,0.691
2026-02-17T20:17:18.046,-23419,0.976,-0.786,0.702
2026-02-17T20:17:18.046,-23418,0.906,-0.728,0.732
2026-02-17T20:17:18.094,-23416,0.765,-0.549,0.712
2026-02-17T20:17:18.094,-23415,0.694,-0.489,0.687
2026-02-17T20:17:18.094,-23414,0.660,-0.443,0.630
2026-02-17T20:17:18.143,-23411,0.594,-0.277,0.479
2026-02-17T20:17:18.143,-23410,0.563,-0.320,0.437
2026-02-17T20:17:18.143,-23409,0.551,-0.329,0.405
2026-02-17T20:17:18.192,-23407,0.611,-0.339,0.331
2026-02-17T20:17:18.192,-23406,0.680,-0.320,0.358
2026-02-17T20:17:18.193,-23405,0.716,-0.316,0.406
2026-02-17T20:17:18.242,-23403,0.775,-0.381,0.478
2026-02-17T20:17:18.242,-23402,0.774,-0.405,0.506
2026-02-17T20:17:18.242,-23401,0.771,-0.410,0.486
2026-02-17T20:17:18.289,-23399,0.801,-0.400,0.485
2026-02-17T20:17:18.290,-23398,0.831,-0.432,0.527
2026-02-17T20:17:18.290,-23397,0.864,-0.497,0.578
2026-02-17T20:17:18.338,-23395,0.902,-0.648,0.676
2026-02-17T20:17:18.338,-23394,0.923,-0.751,0.676
2026-02-17T20:17:18.338,-23393,0.947,-0.863,0.662
2026-02-17T20:17:18.387,-23391,1.053,-1.118,0.568
2026-02-17T20:17:18.387,-23390,1.132,-1.281,0.412
2026-02-17T20:17:18.388,-23389,1.189,-1.432,0.201
2026-02-17T20:17:18.436,-23387,1.220,-1.864,-0.317
2026-02-17T20:17:18.437,-23386,1.186,-2.130,-0.494
2026-02-17T20:17:18.437,-23385,1.038,-2.371,-0.652
2026-02-17T20:17:18.533,-23383,0.727,-2.532,-0.994
2026-02-17T20:17:18.534,-23382,0.187,-2.258,-1.203
2026-02-17T20:17:18.534,-23381,-0.053,-2.031,-1.223
2026-02-17T20:17:18.535,-23379,-0.661,-1.057,-0.682
2026-02-17T20:17:18.582,-23377,-1.135,-0.175,0.113
2026-02-17T20:17:18.582,-23376,-2.182,2.216,2.250
2026-02-17T20:17:18.582,-23375,-2.161,2.863,3.594
2026-02-17T20:17:18.631,-23373,-0.808,1.795,5.379
2026-02-17T20:17:18.631,-23372,1.060,0.801,4.667
2026-02-17T20:17:18.631,-23371,2.501,1.252,2.947
2026-02-17T20:17:18.679,-23369,2.222,1.301,1.346
2026-02-17T20:17:18.777,-23368,0.528,0.751,1.364
2026-02-17T20:17:18.777,-23367,-0.294,0.130,1.337
2026-02-17T20:17:18.777,-23365,-0.523,0.229,0.453
2026-02-17T20:17:18.779,-23364,-0.499,0.185,0.388
2026-02-17T20:17:18.826,-23361,-0.464,0.019,0.703
2026-02-17T20:17:18.827,-23360,-0.224,0.345,0.916
2026-02-17T20:17:18.827,-23359,-0.172,0.483,0.929
2026-02-17T20:17:18.874,-23357,-0.129,0.502,1.055
2026-02-17T20:17:18.874,-23356,-0.122,0.390,1.043
2026-02-17T20:17:18.874,-23355,-0.055,0.212,1.120
2026-02-17T20:17:18.923,-23353,0.099,-0.191,1.140
2026-02-17T20:17:18.924,-23352,0.185,-0.372,1.090
2026-02-17T20:17:18.924,-23351,0.310,-0.444,0.976
2026-02-17T20:17:18.972,-23349,0.581,-0.419,0.718
2026-02-17T20:17:18.972,-23348,0.753,-0.408,0.579
2026-02-17T20:17:18.972,-23347,0.861,-0.532,0.605
2026-02-17T20:17:18.974,-23345,0.912,-1.023,0.796
2026-02-17T20:17:19.022,-23344,0.923,-1.223,0.775
2026-02-17T20:17:19.022,-23343,0.965,-1.285,0.688
2026-02-17T20:17:19.022,-23342,1.056,-1.271,0.401
2026-02-17T20:17:19.069,-23340,1.002,-1.256,0.094
2026-02-17T20:17:19.069,-23339,0.854,-1.436,0.232
2026-02-17T20:17:19.069,-23338,0.671,-1.499,0.417
2026-02-17T20:17:19.118,-23336,0.690,-1.400,0.369
2026-02-17T20:17:19.119,-23335,0.817,-1.056,0.302
2026-02-17T20:17:19.120,-23334,0.912,-0.942,0.340
2026-02-17T20:17:19.167,-23332,0.906,-0.861,0.604
2026-02-17T20:17:19.167,-23331,0.852,-0.874,0.797
2026-02-17T20:17:19.167,-23330,0.821,-0.887,0.962
2026-02-17T20:17:19.216,-23328,0.874,-0.723,1.069
2026-02-17T20:17:19.216,-23327,0.924,-0.568,0.983
2026-02-17T20:17:19.216,-23326,0.901,-0.424,0.862
2026-02-17T20:17:19.265,-23324,0.751,-0.388,0.718
2026-02-17T20:17:19.265,-23323,0.685,-0.431,0.625
2026-02-17T20:17:19.265,-23322,0.625,-0.481,0.575
2026-02-17T20:17:19.313,-23320,0.623,-0.469,0.569
2026-02-17T20:17:19.313,-23319,0.668,-0.426,0.567
2026-02-17T20:17:19.313,-23318,0.714,-0.400,0.583
2026-02-17T20:17:19.315,-23316,0.778,-0.367,0.583
2026-02-17T20:17:19.362,-23315,0.820,-0.316,0.587
2026-02-17T20:17:19.362,-23314,0.854,-0.275,0.552
2026-02-17T20:17:19.362,-23313,0.906,-0.314,0.553
2026-02-17T20:17:19.411,-23311,0.934,-0.527,0.638
2026-02-17T20:17:19.411,-23310,0.951,-0.664,0.677
2026-02-17T20:17:19.411,-23309,0.981,-0.814,0.679
2026-02-17T20:17:19.459,-23307,1.072,-1.227,0.610
2026-02-17T20:17:19.459,-23306,1.129,-1.552,0.468
2026-02-17T20:17:19.460,-23305,1.178,-2.143,0.270
2026-02-17T20:17:19.508,-23303,0.820,-3.041,-0.141
2026-02-17T20:17:19.508,-23302,0.476,-3.421,-0.306
2026-02-17T20:17:19.508,-23301,0.290,-3.687,-0.627
2026-02-17T20:17:19.557,-23299,-0.107,-3.392,-0.949
2026-02-17T20:17:19.557,-23298,-0.642,-2.750,-0.723
2026-02-17T20:17:19.558,-23297,-0.973,-1.939,-0.485
2026-02-17T20:17:19.606,-23295,-1.576,-0.219,0.236
2026-02-17T20:17:19.607,-23294,-1.665,0.864,0.833
2026-02-17T20:17:19.607,-23293,-1.992,2.007,1.585
2026-02-17T20:17:19.655,-23291,-1.795,3.693,3.797
2026-02-17T20:17:19.656,-23290,-0.971,3.252,4.433
2026-02-17T20:17:19.656,-23289,-0.134,2.226,4.872
2026-02-17T20:17:19.656,-23287,2.210,1.069,3.022
2026-02-17T20:17:19.703,-23286,2.360,1.387,1.894
2026-02-17T20:17:19.704,-23285,1.689,1.396,1.149
2026-02-17T20:17:19.705,-23284,0.854,1.255,0.845
2026-02-17T20:17:19.752,-23282,-0.131,0.373,0.937
2026-02-17T20:17:19.753,-23281,-0.283,0.193,0.926
2026-02-17T20:17:19.753,-23280,-0.295,0.162,0.883
2026-02-17T20:17:19.801,-23278,-0.353,0.237,0.777
2026-02-17T20:17:19.801,-23277,-0.408,0.264,0.755
2026-02-17T20:17:19.801,-23276,-0.431,0.232,0.817
2026-02-17T20:17:19.850,-23274,-0.533,0.220,0.932
2026-02-17T20:17:19.850,-23273,-0.458,0.165,0.996
2026-02-17T20:17:19.850,-23272,-0.330,0.072,0.996
2026-02-17T20:17:19.899,-23270,-0.047,0.088,0.917
2026-02-17T20:17:19.899,-23269,0.044,0.152,0.891
2026-02-17T20:17:19.899,-23268,0.076,0.155,0.942
2026-02-17T20:17:19.947,-23266,0.132,0.003,1.112
2026-02-17T20:17:19.947,-23265,0.111,-0.083,1.238
2026-02-17T20:17:19.947,-23264,0.141,-0.215,1.231
2026-02-17T20:17:19.996,-23262,0.365,-0.427,1.042
2026-02-17T20:17:19.996,-23261,0.486,-0.570,0.911
2026-02-17T20:17:19.996,-23260,0.579,-0.709,0.875
2026-02-17T20:17:20.044,-23257,0.615,-0.979,0.637
2026-02-17T20:17:20.044,-23256,0.668,-1.117,0.487
2026-02-17T20:17:20.044,-23255,0.768,-1.251,0.402
2026-02-17T20:17:20.093,-23253,0.756,-1.716,0.351
2026-02-17T20:17:20.093,-23252,0.675,-1.848,0.445
2026-02-17T20:17:20.093,-23251,0.608,-1.873,0.402
2026-02-17T20:17:20.142,-23249,0.604,-1.752,0.249
2026-02-17T20:17:20.142,-23248,0.650,-1.455,0.169
2026-02-17T20:17:20.142,-23247,0.809,-1.229,0.166
2026-02-17T20:17:20.191,-23245,0.901,-0.953,0.329
2026-02-17T20:17:20.191,-23244,1.000,-0.735,0.433
2026-02-17T20:17:20.191,-23243,1.057,-0.565,0.514
2026-02-17T20:17:20.239,-23241,1.105,-0.388,0.662
2026-02-17T20:17:20.239,-23240,1.063,-0.328,0.758
2026-02-17T20:17:20.241,-23239,0.998,-0.310,0.850
2026-02-17T20:17:20.288,-23237,0.894,-0.436,0.870
2026-02-17T20:17:20.289,-23236,0.779,-0.458,0.831
2026-02-17T20:17:20.290,-23235,0.695,-0.497,0.708
2026-02-17T20:17:20.337,-23233,0.642,-0.519,0.424
2026-02-17T20:17:20.338,-23232,0.630,-0.497,0.341
2026-02-17T20:17:20.338,-23231,0.640,-0.527,0.326
2026-02-17T20:17:20.386,-23228,0.719,-0.594,0.385
2026-02-17T20:17:20.386,-23227,0.736,-0.613,0.407
2026-02-17T20:17:20.386,-23226,0.775,-0.654,0.435
2026-02-17T20:17:20.434,-23224,0.855,-0.826,0.452
2026-02-17T20:17:20.434,-23223,0.908,-0.926,0.436
2026-02-17T20:17:20.436,-23222,0.969,-1.016,0.400
2026-02-17T20:17:20.483,-23220,1.115,-1.313,0.289
2026-02-17T20:17:20.483,-23219,1.193,-1.545,0.071
2026-02-17T20:17:20.483,-23218,1.188,-1.953,-0.243
2026-02-17T20:17:20.532,-23216,0.745,-3.296,-1.055
2026-02-17T20:17:20.532,-23215,0.369,-3.646,-1.399
2026-02-17T20:17:20.532,-23214,-0.115,-3.655,-1.630
2026-02-17T20:17:20.581,-23212,-1.095,-2.828,-1.845
2026-02-17T20:17:20.581,-23211,-1.708,-1.954,-1.803
2026-02-17T20:17:20.581,-23210,-1.968,-0.977,-1.636
2026-02-17T20:17:20.629,-23208,-2.134,0.552,0.024
2026-02-17T20:17:20.629,-23207,-2.651,1.678,1.368
2026-02-17T20:17:20.630,-23206,-3.170,2.913,2.810
2026-02-17T20:17:20.678,-23204,-2.315,3.416,5.158
2026-02-17T20:17:20.678,-23203,-0.648,2.776,5.559
2026-02-17T20:17:20.678,-23202,1.357,2.528,4.428
2026-02-17T20:17:20.727,-23200,2.885,1.655,1.809
2026-02-17T20:17:20.727,-23199,1.470,1.559,0.783
2026-02-17T20:17:20.727,-23198,0.107,1.406,0.472
2026-02-17T20:17:20.776,-23196,-0.758,0.170,0.473
2026-02-17T20:17:20.777,-23195,-0.801,0.096,0.393
2026-02-17T20:17:20.777,-23194,-0.527,0.221,0.378
2026-02-17T20:17:20.824,-23192,-0.269,0.305,0.705
2026-02-17T20:17:20.824,-23191,-0.273,0.303,0.924
2026-02-17T20:17:20.826,-23190,-0.357,0.263,1.121
2026-02-17T20:17:20.873,-23188,-0.456,0.205,1.323
2026-02-17T20:17:20.874,-23187,-0.426,0.202,1.275
2026-02-17T20:17:20.875,-23186,-0.404,0.254,1.147
2026-02-17T20:17:20.922,-23183,-0.143,0.261,0.863
2026-02-17T20:17:20.922,-23182,-0.101,0.219,0.833
2026-02-17T20:17:20.923,-23181,-0.021,0.061,0.824
2026-02-17T20:17:20.971,-23179,0.078,-0.262,0.975
2026-02-17T20:17:20.972,-23178,0.221,-0.414,0.996
2026-02-17T20:17:20.972,-23177,0.340,-0.438,1.057
2026-02-17T20:17:21.019,-23175,0.638,-0.637,0.822
2026-02-17T20:17:21.019,-23174,0.724,-0.835,0.707
2026-02-17T20:17:21.021,-23173,0.744,-1.040,0.721
2026-02-17T20:17:21.068,-23171,0.799,-1.407,0.662
2026-02-17T20:17:21.069,-23170,0.860,-1.365,0.537
2026-02-17T20:17:21.070,-23169,0.921,-1.350,0.413
2026-02-17T20:17:21.117,-23167,0.986,-1.431,0.452
2026-02-17T20:17:21.117,-23166,0.901,-1.452,0.564
2026-02-17T20:17:21.117,-23165,0.789,-1.405,0.693
2026-02-17T20:17:21.167,-23163,0.778,-1.219,0.748
2026-02-17T20:17:21.167,-23162,0.771,-1.154,0.886
2026-02-17T20:17:21.167,-23161,0.717,-1.066,1.040
2026-02-17T20:17:21.214,-23159,0.613,-0.847,1.205
2026-02-17T20:17:21.214,-23158,0.620,-0.744,1.158
2026-02-17T20:17:21.263,-23157,0.632,-0.643,1.089
2026-02-17T20:17:21.264,-23155,0.608,-0.329,0.928
2026-02-17T20:17:21.265,-23154,0.597,-0.196,0.852
2026-02-17T20:17:21.265,-23153,0.551,-0.069,0.857
2026-02-17T20:17:21.361,-23151,0.492,0.049,0.767
2026-02-17T20:17:21.361,-23150,0.442,-0.021,0.605
2026-02-17T20:17:21.361,-23149,0.407,-0.091,0.511
2026-02-17T20:17:21.361,-23147,0.323,-0.164,0.505
2026-02-17T20:17:21.410,-23145,0.215,-0.009,0.788
2026-02-17T20:17:21.410,-23144,0.478,-0.035,1.313
2026-02-17T20:17:21.410,-23143,0.225,-0.074,1.002
2026-02-17T20:17:21.458,-23141,0.216,-0.050,1.146
2026-02-17T20:17:21.458,-23140,0.134,0.051,1.323
2026-02-17T20:17:21.458,-23139,0.208,0.079,1.425
2026-02-17T20:17:21.507,-23137,0.188,-0.038,1.508
2026-02-17T20:17:21.508,-23136,0.127,-0.320,1.227
2026-02-17T20:17:21.508,-23135,0.078,-0.291,1.013
2026-02-17T20:17:21.556,-23132,0.117,-0.352,1.074
2026-02-17T20:17:21.556,-23131,0.103,-0.249,1.026
2026-02-17T20:17:21.557,-23130,0.135,-0.284,1.057
2026-02-17T20:17:21.604,-23128,0.131,-0.317,1.006
2026-02-17T20:17:21.604,-23127,0.162,-0.440,0.936
2026-02-17T20:17:21.606,-23126,0.166,-0.409,0.871
2026-02-17T20:17:21.653,-23124,0.168,-0.249,0.668
2026-02-17T20:17:21.653,-23123,0.096,-0.367,0.114
2026-02-17T20:17:21.653,-23122,0.255,-0.284,0.745
2026-02-17T20:17:21.702,-23120,0.089,-0.071,0.835
2026-02-17T20:17:21.702,-23119,0.059,-0.090,1.040
2026-02-17T20:17:21.702,-23118,0.091,-0.164,1.024
2026-02-17T20:17:21.751,-23116,0.180,-0.382,0.971
2026-02-17T20:17:21.751,-23115,0.178,-0.340,0.976
2026-02-17T20:17:21.751,-23114,0.167,-0.317,0.961
2026-02-17T20:17:21.799,-23112,0.148,-0.290,0.979
2026-02-17T20:17:21.799,-23111,0.144,-0.272,0.926
2026-02-17T20:17:21.801,-23110,0.116,-0.224,0.922
2026-02-17T20:17:21.848,-23108,0.120,-0.276,0.970
2026-02-17T20:17:21.848,-23107,0.177,-0.255,0.944
2026-02-17T20:17:21.848,-23106,0.141,-0.227,0.987
2026-02-17T20:17:21.897,-23104,0.105,-0.274,0.924
2026-02-17T20:17:21.897,-23103,0.064,-0.230,1.038
2026-02-17T20:17:21.897,-23102,0.122,-0.207,1.001
2026-02-17T20:17:21.946,-23100,0.095,-0.098,0.996
2026-02-17T20:17:21.946,-23099,0.093,-0.100,0.963
2026-02-17T20:17:21.946,-23098,0.095,-0.094,0.930
2026-02-17T20:17:21.994,-23096,0.345,-0.431,0.516
2026-02-17T20:17:21.994,-23095,0.128,2.089,4.344
2026-02-17T20:17:21.994,-23094,0.784,0.261,2.279
2026-02-17T20:17:22.043,-23092,0.326,0.321,1.367
2026-02-17T20:17:22.043,-23091,0.262,0.401,0.984
2026-02-17T20:17:22.043,-23090,0.253,-0.351,0.578
2026-02-17T20:17:22.092,-23088,-0.051,-0.018,1.003
2026-02-17T20:17:22.092,-23087,0.064,-0.042,0.939
2026-02-17T20:17:22.092,-23086,-0.027,-0.014,1.012
2026-02-17T20:17:22.143,-23084,-0.015,-0.007,1.006
2026-02-17T20:17:22.143,-23083,-0.023,-0.028,1.035
2026-02-17T20:17:22.143,-23082,-0.017,-0.029,0.998
2026-02-17T20:17:22.189,-23080,0.000,0.009,1.030
2026-02-17T20:17:22.189,-23079,0.000,0.002,1.023
2026-02-17T20:17:22.189,-23078,-0.005,-0.001,1.023
2026-02-17T20:17:22.191,-23076,-0.009,-0.006,1.020
2026-02-17T20:17:22.238,-23075,-0.011,-0.011,1.022
2026-02-17T20:17:22.239,-23074,-0.012,-0.010,1.023
2026-02-17T20:17:22.239,-23073,-0.012,-0.012,1.021
2026-02-17T20:17:22.287,-23071,-0.012,-0.014,1.025
2026-02-17T20:17:22.288,-23070,-0.012,-0.011,1.023
2026-02-17T20:17:22.288,-23069,-0.011,-0.010,1.017
2026-02-17T20:17:22.336,-23067,-0.006,-0.001,1.025
2026-02-17T20:17:22.336,-23066,-0.003,-0.002,1.019
2026-02-17T20:17:22.336,-23065,-0.001,-0.003,1.027
2026-02-17T20:17:22.384,-23063,-0.003,-0.002,1.016
2026-02-17T20:17:22.384,-23062,-0.004,-0.002,1.027
2026-02-17T20:17:22.386,-23061,-0.009,-0.004,1.022
2026-02-17T20:17:22.433,-23059,-0.011,-0.011,1.025
2026-02-17T20:17:22.433,-23058,-0.011,-0.013,1.020
2026-02-17T20:17:22.433,-23057,-0.010,-0.015,1.019
2026-02-17T20:17:22.482,-23055,-0.010,-0.010,1.023
2026-02-17T20:17:22.482,-23054,-0.009,-0.003,1.017
2026-02-17T20:17:22.482,-23053,-0.006,-0.004,1.025
2026-02-17T20:17:22.531,-23051,-0.003,0.001,1.025
2026-02-17T20:17:22.629,-23050,-0.002,-0.003,1.019
2026-02-17T20:17:22.629,-23049,-0.006,-0.008,1.023
2026-02-17T20:17:22.629,-23047,-0.011,-0.011,1.017
2026-02-17T20:17:22.629,-23046,-0.010,-0.011,1.024
2026-02-17T20:17:22.677,-23043,-0.014,-0.013,1.023
2026-02-17T20:17:22.677,-23042,-0.004,-0.004,1.018
2026-02-17T20:17:22.677,-23041,-0.003,-0.002,1.023
2026-02-17T20:17:22.726,-23039,-0.003,-0.004,1.017
2026-02-17T20:17:22.727,-23038,-0.010,-0.007,1.027
2026-02-17T20:17:22.727,-23037,-0.013,-0.007,1.023
2026-02-17T20:17:22.774,-23035,-0.011,-0.014,1.023
2026-02-17T20:17:22.774,-23034,-0.011,-0.015,1.016
2026-02-17T20:17:22.774,-23033,-0.009,-0.015,1.023
2026-02-17T20:17:22.823,-23031,-0.007,-0.011,1.020
2026-02-17T20:17:22.824,-23030,-0.005,-0.003,1.024
2026-02-17T20:17:22.824,-23029,-0.009,0.000,1.021
2026-02-17T20:17:22.872,-23027,-0.005,0.001,1.018
2026-02-17T20:17:22.872,-23026,-0.004,-0.001,1.028
2026-02-17T20:17:22.873,-23025,-0.005,-0.005,1.016
2026-02-17T20:17:22.921,-23023,-0.010,-0.012,1.025
2026-02-17T20:17:22.921,-23022,-0.007,-0.014,1.026
2026-02-17T20:17:22.922,-23021,-0.014,-0.012,1.023
2026-02-17T20:17:22.969,-23019,-0.009,-0.011,1.022
2026-02-17T20:17:22.969,-23018,-0.011,-0.008,1.021
2026-02-17T20:17:22.971,-23017,-0.009,-0.006,1.022
2026-02-17T20:17:23.067,-23015,-0.005,-0.005,1.023
2026-02-17T20:17:23.067,-23014,-0.005,-0.006,1.019
2026-02-17T20:17:23.068,-23013,-0.005,-0.005,1.021
2026-02-17T20:17:23.069,-23011,-0.009,-0.008,1.022
2026-02-17T20:17:23.116,-23009,-0.009,-0.010,1.021
2026-02-17T20:17:23.117,-23008,-0.011,-0.013,1.023
2026-02-17T20:17:23.117,-23007,-0.010,-0.009,1.020
2026-02-17T20:17:23.164,-23005,-0.006,-0.007,1.022
2026-02-17T20:17:23.164,-23004,-0.007,-0.007,1.016
2026-02-17T20:17:23.164,-23003,-0.005,-0.006,1.021
2026-02-17T20:17:23.213,-23001,-0.006,-0.004,1.020
2026-02-17T20:17:23.213,-23000,-0.006,-0.002,1.019
2026-02-17T20:17:23.213,-22999,-0.009,-0.006,1.026
2026-02-17T20:17:23.262,-22997,-0.007,-0.011,1.022
2026-02-17T20:17:23.262,-22996,-0.005,-0.012,1.020
2026-02-17T20:17:23.262,-22995,-0.003,-0.008,1.024
2026-02-17T20:17:23.311,-22993,-0.006,-0.005,1.020
2026-02-17T20:17:23.311,-22992,-0.009,-0.008,1.022
2026-02-17T20:17:23.311,-22991,-0.007,-0.010,1.018
2026-02-17T20:17:23.359,-22989,-0.012,-0.012,1.021
2026-02-17T20:17:23.359,-22988,-0.012,-0.012,1.022
2026-02-17T20:17:23.359,-22987,-0.009,-0.012,1.022
2026-02-17T20:17:23.409,-22985,-0.005,-0.011,1.021
2026-02-17T20:17:23.409,-22984,-0.004,-0.006,1.022
2026-02-17T20:17:23.409,-22983,-0.004,-0.005,1.022
2026-02-17T20:17:23.457,-22980,-0.006,-0.006,1.023
2026-02-17T20:17:23.458,-22979,-0.007,-0.006,1.024
2026-02-17T20:17:23.458,-22978,-0.005,-0.006,1.021
2026-02-17T20:18:50.818,-15291,-0.010,-0.009,1.021
2026-02-17T20:18:50.818,-15290,-0.011,-0.008,1.021
2026-02-17T20:18:50.818,-15289,-0.011,-0.010,1.018
2026-02-17T20:18:50.865,-15287,-0.006,0.003,1.024
2026-02-17T20:18:50.865,-15286,-0.002,0.022,1.022
2026-02-17T20:18:50.867,-15285,-0.008,-0.002,1.022
2026-02-17T20:18:50.914,-15283,-0.018,-0.035,1.021
2026-02-17T20:18:50.915,-15282,-0.017,-0.004,1.021
2026-02-17T20:18:50.915,-15281,-0.006,-0.002,1.022
2026-02-17T20:18:50.963,-15279,-0.015,-0.022,1.020
2026-02-17T20:18:50.964,-15278,-0.009,-0.005,1.021
2026-02-17T20:18:50.964,-15277,-0.012,-0.020,1.021
2026-02-17T20:18:51.012,-15275,-0.011,-0.011,1.020
2026-02-17T20:18:51.013,-15274,-0.008,0.000,1.021
2026-02-17T20:18:51.013,-15273,-0.010,-0.006,1.021
2026-02-17T20:18:51.062,-15271,-0.011,-0.007,1.019
2026-02-17T20:18:51.062,-15270,-0.010,-0.010,1.021
2026-02-17T20:18:51.062,-15269,-0.020,-0.045,1.020
2026-02-17T20:18:51.111,-15266,-0.010,-0.010,1.023
2026-02-17T20:18:51.111,-15265,-0.011,-0.008,1.021
2026-02-17T20:18:51.111,-15264,-0.008,-0.005,1.021
2026-02-17T20:18:51.158,-15262,-0.011,-0.007,1.024
2026-02-17T20:18:51.159,-15261,-0.009,-0.008,1.023
2026-02-17T20:18:51.159,-15260,-0.010,-0.008,1.021
2026-02-17T20:18:51.207,-15258,-0.011,-0.009,1.020
2026-02-17T20:18:51.207,-15257,-0.011,-0.009,1.023
2026-02-17T20:18:51.207,-15256,-0.012,-0.010,1.023
2026-02-17T20:18:51.256,-15254,-0.010,-0.010,1.023
2026-02-17T20:18:51.256,-15253,-0.011,-0.011,1.022
2026-02-17T20:18:51.257,-15252,-0.011,-0.009,1.022
2026-02-17T20:18:51.306,-15250,-0.009,-0.007,1.021
2026-02-17T20:18:51.306,-15249,-0.011,-0.009,1.022
2026-02-17T20:18:51.306,-15248,-0.011,-0.007,1.021
2026-02-17T20:18:51.353,-15246,-0.080,0.001,1.019
2026-02-17T20:18:51.354,-15245,0.021,-0.003,1.020
2026-02-17T20:18:51.355,-15244,-0.006,-0.008,1.021
2026-02-17T20:18:51.402,-15242,-0.020,-0.006,1.022
2026-02-17T20:18:51.402,-15241,-0.017,-0.004,1.024
2026-02-17T20:18:51.402,-15240,-0.028,-0.010,1.022
2026-02-17T20:18:51.450,-15238,-0.011,-0.020,1.014
2026-02-17T20:18:51.450,-15237,-0.020,-0.009,1.030
2026-02-17T20:18:51.452,-15236,-0.005,-0.019,1.031
2026-02-17T20:18:51.452,-15234,-0.004,-0.022,1.015
2026-02-17T20:18:51.499,-15233,-0.001,-0.003,1.033
2026-02-17T20:18:51.499,-15232,0.016,-0.002,1.019
2026-02-17T20:18:51.499,-15231,0.019,-0.004,1.021
2026-02-17T20:18:51.548,-15229,0.021,-0.002,1.021
2026-02-17T20:18:51.548,-15228,0.006,-0.005,1.024
2026-02-17T20:18:51.548,-15227,0.030,-0.007,1.020
2026-02-17T20:18:51.597,-15225,0.017,-0.013,1.014
2026-02-17T20:18:51.597,-15224,0.000,-0.007,1.014
2026-02-17T20:18:51.598,-15223,0.066,0.004,1.014
2026-02-17T20:18:51.646,-15221,0.043,-0.006,1.020
2026-02-17T20:18:51.646,-15220,0.051,-0.006,1.015
2026-02-17T20:18:51.646,-15219,0.042,-0.006,1.018
2026-02-17T20:18:51.694,-15217,0.028,0.000,1.018
2026-02-17T20:18:51.694,-15216,-0.033,0.021,1.005
2026-02-17T20:18:51.694,-15215,0.056,0.017,1.010
2026-02-17T20:18:51.743,-15213,0.022,-0.019,1.036
2026-02-17T20:18:51.744,-15212,-0.008,-0.008,1.022
2026-02-17T20:18:51.744,-15211,-0.013,-0.005,1.021
2026-02-17T20:18:51.792,-15209,-0.006,-0.013,1.024
2026-02-17T20:18:51.793,-15208,-0.009,0.002,1.019
2026-02-17T20:18:51.793,-15207,-0.008,-0.008,1.022
